row_index,fecha_fin
0,2026-02-28 00:00:00
1,2026-02-28 00:00:00
2,2026-02-28 00:00:00
3,2026-02-28 00:00:00
4,2026-02-28 00:00:00
5,2026-02-28 00:00:00
6,2026-02-28 00:00:00
7,2026-02-28 00:00:00
8,2026-02-28 00:00:00
9,2026-02-28 00:00:00
10,2026-02-28 00:00:00
11,2026-02-28 00:00:00
12,2026-02-28 00:00:00
13,2026-02-28 00:00:00
14,2026-02-28 00:00:00
15,2026-02-28 00:00:00
16,2026-02-28 00:00:00
17,2026-02-28 00:00:00
18,2026-02-28 00:00:00
19,2026-02-28 00:00:00
20,2026-02-28 00:00:00
21,2026-02-28 00:00:00
22,2026-02-28 00:00:00
23,2026-02-28 00:00:00
24,2026-02-28 00:00:00
25,2026-02-28 00:00:00
26,2026-02-28 00:00:00
27,2026-02-28 00:00:00
28,2026-02-28 00:00:00
29,2026-02-28 00:00:00
30,2026-02-28 00:00:00
31,2026-02-28 00:00:00
32,2026-02-28 00:00:00
33,2026-02-28 00:00:00
34,2026-02-28 00:00:00
35,2026-02-28 00:00:00
36,2026-02-28 00:00:00
37,2026-02-28 00:00:00
38,2026-02-28 00:00:00
39,2026-02-28 00:00:00
40,2026-02-28 00:00:00
41,2026-02-28 00:00:00
42,2026-02-19 00:00:00
43,2026-02-27 00:00:00
44,2026-02-28 00:00:00
45,2026-02-28 00:00:00
46,2026-02-28 00:00:00
47,2026-02-28 00:00:00
48,2026-02-28 00:00:00
49,2026-02-28 00:00:00
50,2026-02-28 00:00:00
51,2026-02-28 00:00:00
52,2026-02-28 00:00:00
53,2026-02-28 00:00:00
54,2026-02-28 00:00:00
55,2026-02-28 00:00:00
56,2026-02-28 00:00:00
57,2026-02-28 00:00:00
58,2026-02-28 00:00:00
59,2026-02-28 00:00:00
60,2026-02-28 00:00:00
61,2026-02-28 00:00:00
62,2026-02-28 00:00:00
63,2026-02-28 00:00:00
64,2026-02-28 00:00:00
65,2026-02-28 00:00:00
66,2026-02-28 00:00:00
67,2026-02-28 00:00:00
68,2026-02-28 00:00:00
69,2026-02-28 00:00:00
70,2026-02-28 00:00:00
71,2026-02-28 00:00:00
72,2026-02-28 00:00:00
73,2026-02-28 00:00:00
74,2026-02-28 00:00:00
75,2026-02-28 00:00:00
76,2026-02-28 00:00:00
77,2026-02-28 00:00:00
78,2026-02-28 00:00:00
79,2026-02-28 00:00:00
80,2026-02-28 00:00:00
81,2026-02-28 00:00:00
82,2026-02-28 00:00:00
83,2026-02-28 00:00:00
84,2026-02-28 00:00:00
85,2026-02-28 00:00:00
86,2026-02-28 00:00:00
87,2026-02-28 00:00:00
88,2026-02-28 00:00:00
89,2026-02-28 00:00:00
90,2026-02-28 00:00:00
91,2026-02-28 00:00:00
92,2026-02-28 00:00:00
93,2026-02-28 00:00:00
94,2026-02-28 00:00:00
95,2026-02-28 00:00:00
96,2026-02-28 00:00:00
97,2026-02-28 00:00:00
98,2026-02-28 00:00:00
99,2026-02-28 00:00:00
100,2026-02-28 00:00:00
101,2026-02-28 00:00:00
102,2026-02-28 00:00:00
103,2026-02-28 00:00:00
104,2026-02-28 00:00:00
105,2026-02-28 00:00:00
106,2026-02-28 00:00:00
107,2026-02-28 00:00:00
108,2026-02-28 00:00:00
109,2026-02-28 00:00:00
110,2026-02-28 00:00:00
111,2026-02-28 00:00:00
112,2026-02-28 00:00:00
113,2026-02-28 00:00:00
114,2026-02-28 00:00:00
115,2026-02-28 00:00:00
116,2026-02-28 00:00:00
117,2026-02-28 00:00:00
118,2026-02-28 00:00:00
119,2026-02-28 00:00:00
120,2026-02-28 00:00:00
121,2026-02-28 00:00:00
122,2026-02-28 00:00:00
123,2026-02-28 00:00:00
124,2026-02-28 00:00:00
125,2026-02-28 00:00:00
126,2026-02-28 00:00:00
127,2026-02-28 00:00:00
128,2026-02-28 00:00:00
129,2026-02-28 00:00:00
130,2026-02-28 00:00:00
131,2026-02-28 00:00:00
132,2026-02-28 00:00:00
133,2026-02-28 00:00:00
134,2026-02-28 00:00:00
135,2026-02-28 00:00:00
136,2026-02-28 00:00:00
137,2026-02-28 00:00:00
138,2026-02-28 00:00:00
139,2026-02-28 00:00:00
140,2026-02-28 00:00:00
141,2026-02-28 00:00:00
142,2026-02-28 00:00:00
143,2026-02-28 00:00:00
144,2026-02-28 00:00:00
145,2026-02-28 00:00:00
146,2026-02-28 00:00:00
147,2026-02-28 00:00:00
148,2026-02-28 00:00:00
149,2026-02-28 00:00:00
150,2026-02-28 00:00:00
151,2026-02-28 00:00:00
152,2026-02-28 00:00:00
153,2026-02-28 00:00:00
154,2026-02-28 00:00:00
155,2026-02-28 00:00:00
156,2026-02-28 00:00:00
157,2026-02-28 00:00:00
158,2026-02-28 00:00:00
159,2026-02-28 00:00:00
160,2026-02-28 00:00:00
161,2026-02-28 00:00:00
162,2026-02-28 00:00:00
163,2026-02-28 00:00:00
164,2026-02-28 00:00:00
165,2026-02-28 00:00:00
166,2026-02-28 00:00:00
167,2026-02-28 00:00:00
168,2026-02-28 00:00:00
169,2026-02-28 00:00:00
170,2026-02-28 00:00:00
171,2026-02-28 00:00:00
172,2026-02-28 00:00:00
173,2026-02-19 00:00:00
174,2026-02-19 00:00:00
175,2026-02-19 00:00:00
176,2026-02-28 00:00:00
177,2025-09-12 00:00:00
178,2026-02-28 00:00:00
179,2026-02-28 00:00:00
180,
181,
